Workbook

Sheet Overview
A1: Фаза 1 — расчёты выбора концепции (FinMate)
A4: Код | B4: Альтернативы (концепции) | C4: Код | D4: Критерий | E4: Тип | F4: Пояснение
A5: A1 | B5: AI Tutor (Персональный AI-репетитор) | C5: C1 | D5: Социальная значимость | E5: Benefit | F5: Вклад в образование, доступность знаний, польза для школьников и студентов
A6: A2 | B6: FoodSaver (Продажа продуктов с истекающим сроком) | C6: C2 | D6: Экологический эффект | E6: Benefit | F6: Снижение пищевых отходов, поддержка устойчивого потребления
A7: A3 | B7: LegalBot (Юридический AI-ассистент) | C7: C3 | D7: Юридические риски | E7: Cost | F7: Риски ошибок в консультациях, ответственность, регуляторные ограничения
A8: A4 | B8: TravelGenie (AI-планировщик путешествий) | C8: C4 | D8: Пользовательская ценность | E8: Benefit | F8: Экономия времени, персонализация маршрутов, удобство для пользователей

Sheet FuzzyInput
A1: Экспертные трёхточечные оценки (l / m / u)
A3: 1) Веса критериев (треугольные числа, сумма нормируется)
A4: Критерий | B4: Никита l | C4: Никита m | D4: Никита u | E4: Иван l | F4: Иван m | G4: Иван u | H4: Среднее l | I4: Среднее m | J4: Среднее u | K4: Норм. m | L4: Норм. l | M4: Норм. u
A5: C1 | B5: 0.25 | C5: 0.3 | D5: 0.35 | E5: 0.27 | F5: 0.32 | G5: 0.37 | H5: 0.26 | I5: 0.31 | J5: 0.36 | K5: 0.31 | L5: 0.26 | M5: 0.36
A6: C2 | B6: 0.18 | C6: 0.22 | D6: 0.26 | E6: 0.2 | F6: 0.24 | G6: 0.28 | H6: 0.19 | I6: 0.23 | J6: 0.27 | K6: 0.23 | L6: 0.19 | M6: 0.27
A7: C3 | B7: 0.12 | C7: 0.16 | D7: 0.2 | E7: 0.13 | F7: 0.17 | G7: 0.21 | H7: 0.125 | I7: 0.165 | J7: 0.205 | K7: 0.165 | L7: 0.125 | M7: 0.205
A8: C4 | B8: 0.2 | C8: 0.24 | D8: 0.28 | E8: 0.22 | F8: 0.26 | G8: 0.3 | H8: 0.21 | I8: 0.25 | J8: 0.29 | K8: 0.25 | L8: 0.21 | M8: 0.29
A11: 2) Оценки альтернатив по критериям (шкала 1–9; l/m/u)
A12: Критерий | B12: Альтернатива | C12: Никита l | D12: Никита m | E12: Никита u | F12: Иван l | G12: Иван m | H12: Иван u | I12: Среднее l | J12: Среднее m | K12: Среднее u | L12: Defuzz (avg)
A13: C1 | B13: A1 | C13: 7.5 | D13: 8.5 | E13: 9 | F13: 8 | G13: 8.5 | H13: 9 | I13: 7.75 | J13: 8.5 | K13: 9 | L13: 8.42
A14: C1 | B14: A2 | C14: 5.5 | D14: 6.5 | E14: 7.5 | F14: 6 | G14: 7 | H14: 7.5 | I14: 5.75 | J14: 6.75 | K14: 7.5 | L14: 6.67
A15: C1 | B15: A3 | C15: 4.5 | D15: 5.5 | E15: 6.5 | F15: 5 | G15: 6 | H15: 6.5 | I15: 4.75 | J15: 5.75 | K15: 6.5 | L15: 5.67
A16: C1 | B16: A4 | C16: 6 | D16: 7 | E16: 8 | F16: 6.5 | G16: 7.5 | H16: 8 | I16: 6.25 | J16: 7.25 | K16: 8 | L16: 7.17
A18: C2 | B18: A1 | C18: 7 | D18: 8 | E18: 8.5 | F18: 7.5 | G18: 8.5 | H18: 9 | I18: 7.25 | J18: 8.25 | K18: 8.75 | L18: 8.08
A19: C2 | B19: A2 | C19: 4.5 | D19: 5.5 | E19: 6 | F19: 5 | G19: 6 | H19: 6.5 | I19: 4.75 | J19: 5.75 | K19: 6.25 | L19: 5.58
A20: C2 | B20: A3 | C20: 3.5 | D20: 4.5 | E20: 5 | F20: 4 | G20: 5 | H20: 5.5 | I20: 3.75 | J20: 4.75 | K20: 5.25 | L20: 4.58
A21: C2 | B21: A4 | C21: 6.5 | D21: 7.5 | E21: 8 | F21: 7 | G21: 8 | H21: 8.5 | I21: 6.75 | J21: 7.75 | K21: 8.25 | L21: 7.58
A23: C3 | B23: A1 | C23: 8 | D23: 9 | E23: 9.5 | F23: 8.5 | G23: 9 | H23: 9.5 | I23: 8.25 | J23: 9 | K23: 9.5 | L23: 8.92
A24: C3 | B24: A2 | C24: 5.5 | D24: 6.5 | E24: 7 | F24: 6 | G24: 7 | H24: 7.5 | I24: 5.75 | J24: 6.75 | K24: 7.25 | L24: 6.58
A25: C3 | B25: A3 | C25: 4 | D25: 5 | E25: 6 | F25: 4.5 | G25: 5.5 | H25: 6 | I25: 4.25 | J25: 5.25 | K25: 6 | L25: 5.17
A26: C3 | B26: A4 | C26: 3.5 | D26: 4.5 | E26: 5 | F26: 4 | G26: 5 | H26: 5.5 | I26: 3.75 | J26: 4.75 | K26: 5.25 | L26: 4.58
... A31: C4 | B31: A4 | C31: 6 | D31: 7 | E31: 8 | F31: 6.5 | G31: 7.5 | H31: 8.5 | I31: 6.25 | J31: 7.25 | K31: 8.25 | L31: 7.25

Sheet FuzzyTOPSIS
A1: Нечёткий коллективный TOPSIS (triangular l/m/u)
A3: Шаг 1. Агрегированная матрица решений X (l/m/u)
A4: Альтернатива | B4: C1 l | C4: C1 m | D4: C1 u | E4: C2 l | F4: C2 m | G4: C2 u | H4: C3 l | I4: C3 m | J4: C3 u | K4: C4 l | L4: C4 m | M4: C4 u
A5: A1 | B5: 7.75 | C5: 8.5 | D5: 9 | E5: 7.25 | F5: 8.25 | G5: 8.75 | H5: 8.25 | I5: 9 | J5: 9.5 | K5: 7.75 | L5: 8.75 | M5: 9.25
A6: A2 | B6: 5.75 | C6: 6.75 | D6: 7.5 | E6: 4.75 | F6: 5.75 | G6: 6.25 | H6: 5.75 | I6: 6.75 | J6: 7.25 | K6: 4.75 | L6: 5.75 | M6: 6.25
A7: A3 | B7: 4.75 | C7: 5.75 | D7: 6.5 | E7: 3.75 | F7: 4.75 | G7: 5.25 | H7: 4.25 | I7: 5.25 | J7: 6 | K7: 3.75 | L7: 4.75 | M7: 5.25
A8: A4 | B8: 6.25 | C8: 7.25 | D8: 8 | E8: 6.75 | F8: 7.75 | G8: 8.25 | H8: 3.75 | I8: 4.75 | J8: 5.25 | K8: 6.25 | L8: 7.25 | M8: 8.25
A10: Норм. коэфф. | B10: 9 | E10: 8.75 | H10: 3.75 | K10: 9.25
A12: Шаг 2. Нормализация R (triangular)
A13: Альтернатива | B13: C1 l | C13: C1 m | D13: C1 u | E13: C2 l | F13: C2 m | G13: C2 u | H13: C3 l | I13: C3 m | J13: C3 u | K13: C4 l | L13: C4 m | M13: C4 u
A14: A1 | B14: =B5/B10 -> 0.86111111 | C14: =C5/B10 -> 0.94444444 | D14: =D5/B10 -> 1 | E14: =E5/E10 -> 0.82857143 | F14: =F5/E10 -> 0.94285714 | G14: =G5/E10 -> 1 | H14: =H10/J5 -> 0.39473684 | I14: =H10/I5 -> 0.41666667 | J14: =H10/H5 -> 0.45454545 | K14: =K5/K10 -> 0.83783784 | L14: =L5/K10 -> 0.94594595 | M14: =M5/K10 -> 1
A15: A2 | B15: =B6/B10 -> 0.63888889 | C15: =C6/B10 -> 0.75 | D15: =D6/B10 -> 0.83333333 | E15: =E6/E10 -> 0.54285714 | F15: =F6/E10 -> 0.65714286 | G15: =G6/E10 -> 0.71428571 | H15: =H10/J6 -> 0.51724138 | I15: =H10/I6 -> 0.55555556 | J15: =H10/H6 -> 0.65217391 | K15: =K6/K10 -> 0.51351351 | L15: =L6/K10 -> 0.62162162 | M15: =M6/K10 -> 0.67567568
A16: A3 | B16: =B7/B10 -> 0.52777778 | C16: =C7/B10 -> 0.63888889 | D16: =D7/B10 -> 0.72222222 | E16: =E7/E10 -> 0.42857143 | F16: =F7/E10 -> 0.54285714 | G16: =G7/E10 -> 0.6 | H16: =H10/J7 -> 0.625 | I16: =H10/I7 -> 0.71428571 | J16: =H10/H7 -> 0.88235294 | K16: =K7/K10 -> 0.40540541 | L16: =L7/K10 -> 0.51351351 | M16: =M7/K10 -> 0.56756757
A17: A4 | B17: =B8/B10 -> 0.69444444 | C17: =C8/B10 -> 0.80555556 | D17: =D8/B10 -> 0.88888889 | E17: =E8/E10 -> 0.77142857 | F17: =F8/E10 -> 0.88571429 | G17: =G8/E10 -> 0.94285714 | H17: =H10/J8 -> 0.71428571 | I17: =H10/I8 -> 0.78947368 | J17: =H10/H8 -> 1 | K17: =K8/K10 -> 0.67567568 | L17: =L8/K10 -> 0.78378378 | M17: =M8/K10 -> 0.89189189
A19: Шаг 3. Взвешенная нормализация V = R ⊗ w (w берём из FuzzyInput: Norm l/m/u)
A20: Альтернатива | B20: C1 l | C20: C1 m | D20: C1 u | E20: C2 l | F20: C2 m | G20: C2 u | H20: C3 l | I20: C3 m | J20: C3 u | K20: C4 l | L20: C4 m | M20: C4 u
A21: A1 | B21: =B14*FuzzyInput!$I$13 -> 6.6736111 | C21: =C14*FuzzyInput!$I$13 -> 7.3194444 | D21: =D14*FuzzyInput!$I$13 -> 7.75 | E21: =E14*FuzzyInput!$I$13 -> 6.4214286 | F21: =F14*FuzzyInput!$I$13 -> 7.3071429 | G21: =G14*FuzzyInput!$I$13 -> 7.75 | H21: =H14*FuzzyInput!$I$13 -> 3.0592105 | I21: =I14*FuzzyInput!$I$13 -> 3.2291667 | ... M21: =M14*FuzzyInput!$I$13 -> 7.75
A22: A2 | B22: =B15*FuzzyInput!$I$14 -> 3.6736111 | C22: =C15*FuzzyInput!$I$14 -> 4.3125 | D22: =D15*FuzzyInput!$I$14 -> 4.7916667 | E22: =E15*FuzzyInput!$I$14 -> 3.1214286 | F22: =F15*FuzzyInput!$I$14 -> 3.7785714 | G22: =G15*FuzzyInput!$I$14 -> 4.1071429 | H22: =H15*FuzzyInput!$I$14 -> 2.9741379 | I22: =I15*FuzzyInput!$I$14 -> 3.1944444 | ... M22: =M15*FuzzyInput!$I$14 -> 3.8851351
A23: A3 | B23: =B16*FuzzyInput!$I$15 -> 2.5069444 | C23: =C16*FuzzyInput!$I$15 -> 3.0347222 | D23: =D16*FuzzyInput!$I$15 -> 3.4305556 | E23: =E16*FuzzyInput!$I$15 -> 2.0357143 | F23: =F16*FuzzyInput!$I$15 -> 2.5785714 | G23: =G16*FuzzyInput!$I$15 -> 2.85 | H23: =H16*FuzzyInput!$I$15 -> 2.96875 | I23: =I16*FuzzyInput!$I$15 -> 3.3928571 | ... M23: =M16*FuzzyInput!$I$15 -> 2.6959459
A24: A4 | B24: =B17*FuzzyInput!$I$16 -> 4.3402778 | C24: =C17*FuzzyInput!$I$16 -> 5.0347222 | D24: =D17*FuzzyInput!$I$16 -> 5.5555556 | E24: =E17*FuzzyInput!$I$16 -> 4.8214286 | F24: =F17*FuzzyInput!$I$16 -> 5.5357143 | G24: =G17*FuzzyInput!$I$16 -> 5.8928571 | H24: =H17*FuzzyInput!$I$16 -> 4.4642857 | I24: =I17*FuzzyInput!$I$16 -> 4.9342105 | ... M24: =M17*FuzzyInput!$I$16 -> 5.5743243
A27: Шаг 4–5. FPIS/FNIS и расстояния, коэффициент близости
A28: A* (FPIS) | B28: =MAX(D21:D24) -> 7.75 | C28: =MAX(D21:D24) -> 7.75 | D28: =MAX(D21:D24) -> 7.75 | E28: =MAX(G21:G24) -> 7.75 | F28: =MAX(G21:G24) -> 7.75 | G28: =MAX(G21:G24) -> 7.75 | H28: =MAX(J21:J24) -> 6.25 | I28: =MAX(J21:J24) -> 6.25 | J28: =MAX(J21:J24) -> 6.25 | K28: =MAX(M21:M24) -> 7.75 | L28: =MAX(M21:M24) -> 7.75 | M28: =MAX(M21:M24) -> 7.75
A29: A- (FNIS) | B29: =MIN(B21:B24) -> 2.5069444 | C29: =MIN(B21:B24) -> 2.5069444 | D29: =MIN(B21:B24) -> 2.5069444 | E29: =MIN(E21:E24) -> 2.0357143 | F29: =MIN(E21:E24) -> 2.0357143 | G29: =MIN(E21:E24) -> 2.0357143 | H29: =MIN(H21:H24) -> 2.96875 | I29: =MIN(H21:H24) -> 2.96875 | J29: =MIN(H21:H24) -> 2.96875 | K29: =MIN(K21:K24) -> 1.9256757 | L29: =MIN(K21:K24) -> 1.9256757 | M29: =MIN(K21:K24) -> 1.9256757
A31: Альтернатива | B31: D* (до FPIS) | C31: D- (до FNIS) | D31: CC = D-/(D*+D-) | E31: Ранг
A32: A1 | B32: =SQRT(AVERAGE((B21-B28)^2,(C21-C28)^2,(D21-D28)^2))+SQRT(AVERAGE((E21-E28)^2,(F21-F28)^2,(G21-G28)^2))+SQRT(AVERAGE((H21-H28)^2,(I21-I28)^2,(J21-J28)^2))+SQRT(AVERAGE((K21-K28)^2,(L21-L28)^2,(M21-M28)^2)) -> 5.2284832 | C32: =SQRT(AVERAGE((B21-B29)^2,(C21-C29)^2,(D21-D29)^2))+SQRT(AVERAGE((E21-E29)^2,(F21-F29)^2,(G21-G29)^2))+SQRT(AVERAGE((H21-H29)^2,(I21-I29)^2,(J21-J29)^2))+SQRT(AVERAGE((K21-K29)^2,(L21-L29)^2,(M21-M29)^2)) -> 15.563705 | D32: =C32/(B32+C32) -> 0.74853618 | E32: =_xlfn.RANK.AVG(D32,$D$32:$D$35,0) -> 1
A33: A2 | B33: =SQRT(AVERAGE((B22-B28)^2,(C22-C28)^2,(D22-D28)^2))+SQRT(AVERAGE((E22-E28)^2,(F22-F28)^2,(G22-G28)^2))+SQRT(AVERAGE((H22-H28)^2,(I22-I28)^2,(J22-J28)^2))+SQRT(AVERAGE((K22-K28)^2,(L22-L28)^2,(M22-M28)^2)) -> 14.880787 | C33: =SQRT(AVERAGE((B22-B29)^2,(C22-C29)^2,(D22-D29)^2))+SQRT(AVERAGE((E22-E29)^2,(F22-F29)^2,(G22-G29)^2))+SQRT(AVERAGE((H22-H29)^2,(I22-I29)^2,(J22-J29)^2))+SQRT(AVERAGE((K22-K29)^2,(L22-L29)^2,(M22-M29)^2)) -> 5.557579 | D33: =C33/(B33+C33) -> 0.27191895 | E33: =_xlfn.RANK.AVG(D33,$D$32:$D$35,0) -> 3
A34: A3 | B34: =SQRT(AVERAGE((B23-B28)^2,(C23-C28)^2,(D23-D28)^2))+SQRT(AVERAGE((E23-E28)^2,(F23-F28)^2,(G23-G28)^2))+SQRT(AVERAGE((H23-H28)^2,(I23-I28)^2,(J23-J28)^2))+SQRT(AVERAGE((K23-K28)^2,(L23-L28)^2,(M23-M28)^2)) -> 18.231953 | C34: =SQRT(AVERAGE((B23-B29)^2,(C23-C29)^2,(D23-D29)^2))+SQRT(AVERAGE((E23-E29)^2,(F23-F29)^2,(G23-G29)^2))+SQRT(AVERAGE((H23-H29)^2,(I23-I29)^2,(J23-J29)^2))+SQRT(AVERAGE((K23-K29)^2,(L23-L29)^2,(M23-M29)^2)) -> 2.4607105 | D34: =C34/(B34+C34) -> 0.11891705 | E34: =_xlfn.RANK.AVG(D34,$D$32:$D$35,0) -> 4
A35: A4 | B35: =SQRT(AVERAGE((B24-B28)^2,(C24-C28)^2,(D24-D28)^2))+SQRT(AVERAGE((E24-E28)^2,(F24-F28)^2,(G24-G28)^2))+SQRT(AVERAGE((H24-H28)^2,(I24-I28)^2,(J24-J28)^2))+SQRT(AVERAGE((K24-K28)^2,(L24-L28)^2,(M24-M28)^2)) -> 9.3778134 | C35: =SQRT(AVERAGE((B24-B29)^2,(C24-C29)^2,(D24-D29)^2))+SQRT(AVERAGE((E24-E29)^2,(F24-F29)^2,(G24-G29)^2))+SQRT(AVERAGE((H24-H29)^2,(I24-I29)^2,(J24-J29)^2))+SQRT(AVERAGE((K24-K29)^2,(L24-L29)^2,(M24-M29)^2)) -> 11.324567 | D35: =C35/(B35+C35) -> 0.54701763 | E35: =_xlfn.RANK.AVG(D35,$D$32:$D$35,0) -> 2

Sheet МАИ
A1: Чёткий коллективный МАИ (AHP) — веса критериев + итоговый рейтинг
A3: 1) Матрица попарных сравнений критериев (групповая)
A4: Критерий | B4: C1 | C4: C2 | D4: C3 | E4: C4
A5: C1 | B5: 1 | C5: 3 | D5: 5 | E5: 2
A6: C2 | B6: 0.33 | C6: 1 | D6: 2 | E6: 0.67
A7: C3 | B7: 0.2 | C7: 0.5 | D7: 1 | E7: 0.4
A8: C4 | B8: 0.5 | C8: 1.5 | D8: 2.5 | E8: 1
A9: Сумма | B9: 2.03 | C9: 6 | D9: 10.5 | E9: 4.07
A11: 2) Нормализация и веса (среднее по строкам)
A12: Критерий | B12: C1 | C12: C2 | D12: C3 | E12: C4 | F12: Вес w
A13: C1 | B13: =B5/B9 -> 0.49261084 | C13: =C5/C9 -> 0.5 | D13: =D5/D9 -> 0.47619048 | E13: =E5/E9 -> 0.49140049 | F13: =AVERAGE(B13:E13) -> 0.49005045
A14: C2 | B14: =B6/B9 -> 0.16256158 | C14: =C6/C9 -> 0.16666667 | D14: =D6/D9 -> 0.19047619 | E14: =E6/E9 -> 0.16461916 | F14: =AVERAGE(B14:E14) -> 0.1710809
A15: C3 | B15: =B7/B9 -> 0.098522167 | C15: =C7/C9 -> 0.083333333 | D15: =D7/D9 -> 0.095238095 | E15: =E7/E9 -> 0.098280098 | F15: =AVERAGE(B15:E15) -> 0.093843424
A16: C4 | B16: =B8/B9 -> 0.24630542 | C16: =C8/C9 -> 0.25 | D16: =D8/D9 -> 0.23809524 | E16: =E8/E9 -> 0.24570025 | F16: =AVERAGE(B16:E16) -> 0.24502523
A18: 3) Проверка согласованности (CI/CR)
A19: A*w | B19: (A*w)_i | C19: λ_i
A20: C1 | B20: =B5*$F$13+C5*$F$14+D5*$F$15+E5*$F$16 -> 1.9625607 | C20: =B20/$F$13 -> 4.0048136 | E20: λ_max | F20: =AVERAGE(C20:C23) -> 4.0029666
A21: C2 | B21: =B6*$F$13+C6*$F$14+D6*$F$15+E6*$F$16 -> 0.6846513 | C21: =B21/$F$14 -> 4.0019155 | E21: CI | F21: =(F20-4)/(4-1) -> 0.00098885016
A22: C3 | B22: =B7*$F$13+C7*$F$14+D7*$F$15+E7*$F$16 -> 0.37540405 | C22: =B22/$F$15 -> 4.0003235 | E22: RI | F22: 0.9
A23: C4 | B23: =B8*$F$13+C8*$F$14+D8*$F$15+E8*$F$16 -> 0.98128036 | C23: =B23/$F$16 -> 4.0048136 | E23: CR | F23: =F21/F22 -> 0.0010987224
A26: 4) Итоговый рейтинг альтернатив (взвешенная сумма нормированных оценок)
A27: Альтернатива | B27: C1 score | C27: C2 score | D27: C3 score | E27: C4 score | F27: Итог | G27: Ранг
A28: A1 | B28: 0.31 | C28: 0.28 | D28: 0.22 | E28: 0.29 | F28: 1.1 | G28: 1
A29: A2 | B29: 0.23 | C29: 0.19 | D29: 0.17 | E29: 0.2 | F29: 0.79 | G29: 3
A30: A3 | B30: 0.19 | C30: 0.16 | D30: 0.15 | E30: 0.17 | F30: 0.67 | G30: 4
A31: A4 | B31: 0.27 | C31: 0.25 | D31: 0.14 | E31: 0.26 | F31: 0.92 | G31: 2

Sheet sum
A1: Фаза 1 — Итоги расчётов
A3: TOPSIS (CC) | E3: AHP (итоговый балл)
A4: Альтернатива | B4: CC | C4: Ранг | E4: Альтернатива | F4: Score | G4: Ранг
A5: A1 | B5: =FuzzyTOPSIS!D32 -> 0.74853618 | C5: =FuzzyTOPSIS!E32 -> 1 | E5: A1 | F5: =МАИ!F28 -> 1.1 | G5: =МАИ!G28 -> 1
A6: A2 | B6: =FuzzyTOPSIS!D33 -> 0.27191895 | C6: =FuzzyTOPSIS!E33 -> 3 | E6: A2 | F6: =МАИ!F29 -> 0.79 | G6: 3
A7: A3 | B7: =FuzzyTOPSIS!D34 -> 0.11891705 | C7: =FuzzyTOPSIS!E34 -> 4 | E7: A3 | F7: =МАИ!F30 -> 0.67 | G7: 4
A8: A4 | B8: =FuzzyTOPSIS!D35 -> 0.54701763 | C8: =FuzzyTOPSIS!E35 -> 2 | E8: A4 | F8: =МАИ!F31 -> 0.92 | G8: =МАИ!G31 -> 2
